--
-- PostgreSQL database dump
--

\restrict CkNOhXXoMMOjQ7cNM7nUVaauafRlctdxenqxQrqUa3nuLGaOehUDIVZCehIH5G5

-- Dumped from database version 17.9
-- Dumped by pg_dump version 18.1

-- Started on 2026-03-23 23:10:31

SET statement_timeout = 0;
SET lock_timeout = 0;
SET idle_in_transaction_session_timeout = 0;
SET transaction_timeout = 0;
SET client_encoding = 'UTF8';
SET standard_conforming_strings = on;
SELECT pg_catalog.set_config('search_path', '', false);
SET check_function_bodies = false;
SET xmloption = content;
SET client_min_messages = warning;
SET row_security = off;

--
-- TOC entry 4 (class 2615 OID 2200)
-- Name: public; Type: SCHEMA; Schema: -; Owner: pg_database_owner
--

CREATE SCHEMA public;


ALTER SCHEMA public OWNER TO pg_database_owner;

--
-- TOC entry 3469 (class 0 OID 0)
-- Dependencies: 4
-- Name: SCHEMA public; Type: COMMENT; Schema: -; Owner: pg_database_owner
--

COMMENT ON SCHEMA public IS 'standard public schema';


SET default_tablespace = '';

SET default_table_access_method = heap;

--
-- TOC entry 218 (class 1259 OID 16390)
-- Name: permissions; Type: TABLE; Schema: public; Owner: admin
--

CREATE TABLE public.permissions (
    id bigint NOT NULL,
    name character varying(255) NOT NULL
);


ALTER TABLE public.permissions OWNER TO admin;

--
-- TOC entry 217 (class 1259 OID 16389)
-- Name: permissions_id_seq; Type: SEQUENCE; Schema: public; Owner: admin
--

ALTER TABLE public.permissions ALTER COLUMN id ADD GENERATED BY DEFAULT AS IDENTITY (
    SEQUENCE NAME public.permissions_id_seq
    START WITH 1
    INCREMENT BY 1
    NO MINVALUE
    NO MAXVALUE
    CACHE 1
);


--
-- TOC entry 219 (class 1259 OID 16395)
-- Name: role_permissions; Type: TABLE; Schema: public; Owner: admin
--

CREATE TABLE public.role_permissions (
    role_id bigint NOT NULL,
    permission_id bigint NOT NULL
);


ALTER TABLE public.role_permissions OWNER TO admin;

--
-- TOC entry 221 (class 1259 OID 16401)
-- Name: roles; Type: TABLE; Schema: public; Owner: admin
--

CREATE TABLE public.roles (
    id bigint NOT NULL,
    name character varying(255) NOT NULL
);


ALTER TABLE public.roles OWNER TO admin;

--
-- TOC entry 220 (class 1259 OID 16400)
-- Name: roles_id_seq; Type: SEQUENCE; Schema: public; Owner: admin
--

ALTER TABLE public.roles ALTER COLUMN id ADD GENERATED BY DEFAULT AS IDENTITY (
    SEQUENCE NAME public.roles_id_seq
    START WITH 1
    INCREMENT BY 1
    NO MINVALUE
    NO MAXVALUE
    CACHE 1
);


--
-- TOC entry 222 (class 1259 OID 16406)
-- Name: user_roles; Type: TABLE; Schema: public; Owner: admin
--

CREATE TABLE public.user_roles (
    user_id bigint NOT NULL,
    role_id bigint NOT NULL
);


ALTER TABLE public.user_roles OWNER TO admin;

--
-- TOC entry 224 (class 1259 OID 16412)
-- Name: users; Type: TABLE; Schema: public; Owner: admin
--

CREATE TABLE public.users (
    id bigint NOT NULL,
    email character varying(255) NOT NULL,
    password character varying(255) NOT NULL,
    username character varying(255) NOT NULL
);


ALTER TABLE public.users OWNER TO admin;

--
-- TOC entry 223 (class 1259 OID 16411)
-- Name: users_id_seq; Type: SEQUENCE; Schema: public; Owner: admin
--

ALTER TABLE public.users ALTER COLUMN id ADD GENERATED BY DEFAULT AS IDENTITY (
    SEQUENCE NAME public.users_id_seq
    START WITH 1
    INCREMENT BY 1
    NO MINVALUE
    NO MAXVALUE
    CACHE 1
);


--
-- TOC entry 3457 (class 0 OID 16390)
-- Dependencies: 218
-- Data for Name: permissions; Type: TABLE DATA; Schema: public; Owner: admin
--

INSERT INTO public.permissions VALUES (1, 'READ');
INSERT INTO public.permissions VALUES (2, 'WRITE');
INSERT INTO public.permissions VALUES (3, 'DELETE');
INSERT INTO public.permissions VALUES (4, 'MANAGE_SYSTEM');
INSERT INTO public.permissions VALUES (5, 'CREATE_USER');


--
-- TOC entry 3458 (class 0 OID 16395)
-- Dependencies: 219
-- Data for Name: role_permissions; Type: TABLE DATA; Schema: public; Owner: admin
--

INSERT INTO public.role_permissions VALUES (1, 1);
INSERT INTO public.role_permissions VALUES (1, 2);
INSERT INTO public.role_permissions VALUES (2, 2);
INSERT INTO public.role_permissions VALUES (2, 3);
INSERT INTO public.role_permissions VALUES (2, 5);
INSERT INTO public.role_permissions VALUES (2, 1);
INSERT INTO public.role_permissions VALUES (3, 1);
INSERT INTO public.role_permissions VALUES (3, 4);
INSERT INTO public.role_permissions VALUES (3, 2);
INSERT INTO public.role_permissions VALUES (3, 3);
INSERT INTO public.role_permissions VALUES (3, 5);


--
-- TOC entry 3460 (class 0 OID 16401)
-- Dependencies: 221
-- Data for Name: roles; Type: TABLE DATA; Schema: public; Owner: admin
--

INSERT INTO public.roles VALUES (1, 'ADMIN');
INSERT INTO public.roles VALUES (2, 'SYSTEM_ADMIN');
INSERT INTO public.roles VALUES (3, 'SUPER_ADMIN');


--
-- TOC entry 3461 (class 0 OID 16406)
-- Dependencies: 222
-- Data for Name: user_roles; Type: TABLE DATA; Schema: public; Owner: admin
--

INSERT INTO public.user_roles VALUES (1, 1);
INSERT INTO public.user_roles VALUES (5, 3);
INSERT INTO public.user_roles VALUES (6, 2);


--
-- TOC entry 3463 (class 0 OID 16412)
-- Dependencies: 224
-- Data for Name: users; Type: TABLE DATA; Schema: public; Owner: admin
--

INSERT INTO public.users VALUES (1, 'admin@norbiz.com', '$2a$10$0F4/n2uNmagO7BPUH0Wr5.MCGnUFXo4Xbfp4Za26DMdaZ.Umsm/t2', 'admin');
INSERT INTO public.users VALUES (2, 'richard@norbiz.com', '$2a$10$F9j2pNf0rYnt8EPuXEoRY.K2a3zEXnsYK5AU2u5L4o.EYirNj47FG', 'richard');
INSERT INTO public.users VALUES (5, 'super.admin@norbiz.com', '$2a$10$8azz7bzhnDMFeozmlhfMC.bOVhiGR74sKREevd9OU6380URTntKIi', 'super_admin');
INSERT INTO public.users VALUES (6, 'system.admin@norbiz.com', '$2a$10$0znthiUWsxa7DmfdQhNTCeKHK0Daf6m7oSN9lSLBPBuj9I1LHTk2y', 'system_admin');
INSERT INTO public.users VALUES (7, 'testuser1@norbiz.com', '$2a$10$gcxWZGcwmSm29FE0hYSfGOujk2vECg7JpHaNF24GAg/4qXr/QUrQm', 'TEST USER 1');


--
-- TOC entry 3470 (class 0 OID 0)
-- Dependencies: 217
-- Name: permissions_id_seq; Type: SEQUENCE SET; Schema: public; Owner: admin
--

SELECT pg_catalog.setval('public.permissions_id_seq', 5, true);


--
-- TOC entry 3471 (class 0 OID 0)
-- Dependencies: 220
-- Name: roles_id_seq; Type: SEQUENCE SET; Schema: public; Owner: admin
--

SELECT pg_catalog.setval('public.roles_id_seq', 3, true);


--
-- TOC entry 3472 (class 0 OID 0)
-- Dependencies: 223
-- Name: users_id_seq; Type: SEQUENCE SET; Schema: public; Owner: admin
--

SELECT pg_catalog.setval('public.users_id_seq', 7, true);


--
-- TOC entry 3290 (class 2606 OID 16394)
-- Name: permissions permissions_pkey; Type: CONSTRAINT; Schema: public; Owner: admin
--

ALTER TABLE ONLY public.permissions
    ADD CONSTRAINT permissions_pkey PRIMARY KEY (id);


--
-- TOC entry 3294 (class 2606 OID 16399)
-- Name: role_permissions role_permissions_pkey; Type: CONSTRAINT; Schema: public; Owner: admin
--

ALTER TABLE ONLY public.role_permissions
    ADD CONSTRAINT role_permissions_pkey PRIMARY KEY (role_id, permission_id);


--
-- TOC entry 3296 (class 2606 OID 16405)
-- Name: roles roles_pkey; Type: CONSTRAINT; Schema: public; Owner: admin
--

ALTER TABLE ONLY public.roles
    ADD CONSTRAINT roles_pkey PRIMARY KEY (id);


--
-- TOC entry 3302 (class 2606 OID 16424)
-- Name: users uk6dotkott2kjsp8vw4d0m25fb7; Type: CONSTRAINT; Schema: public; Owner: admin
--

ALTER TABLE ONLY public.users
    ADD CONSTRAINT uk6dotkott2kjsp8vw4d0m25fb7 UNIQUE (email);


--
-- TOC entry 3298 (class 2606 OID 16422)
-- Name: roles ukofx66keruapi6vyqpv6f2or37; Type: CONSTRAINT; Schema: public; Owner: admin
--

ALTER TABLE ONLY public.roles
    ADD CONSTRAINT ukofx66keruapi6vyqpv6f2or37 UNIQUE (name);


--
-- TOC entry 3292 (class 2606 OID 16420)
-- Name: permissions ukpnvtwliis6p05pn6i3ndjrqt2; Type: CONSTRAINT; Schema: public; Owner: admin
--

ALTER TABLE ONLY public.permissions
    ADD CONSTRAINT ukpnvtwliis6p05pn6i3ndjrqt2 UNIQUE (name);


--
-- TOC entry 3304 (class 2606 OID 16426)
-- Name: users ukr43af9ap4edm43mmtq01oddj6; Type: CONSTRAINT; Schema: public; Owner: admin
--

ALTER TABLE ONLY public.users
    ADD CONSTRAINT ukr43af9ap4edm43mmtq01oddj6 UNIQUE (username);


--
-- TOC entry 3300 (class 2606 OID 16410)
-- Name: user_roles user_roles_pkey; Type: CONSTRAINT; Schema: public; Owner: admin
--

ALTER TABLE ONLY public.user_roles
    ADD CONSTRAINT user_roles_pkey PRIMARY KEY (user_id, role_id);


--
-- TOC entry 3306 (class 2606 OID 16418)
-- Name: users users_pkey; Type: CONSTRAINT; Schema: public; Owner: admin
--

ALTER TABLE ONLY public.users
    ADD CONSTRAINT users_pkey PRIMARY KEY (id);


--
-- TOC entry 3307 (class 2606 OID 16427)
-- Name: role_permissions fkegdk29eiy7mdtefy5c7eirr6e; Type: FK CONSTRAINT; Schema: public; Owner: admin
--

ALTER TABLE ONLY public.role_permissions
    ADD CONSTRAINT fkegdk29eiy7mdtefy5c7eirr6e FOREIGN KEY (permission_id) REFERENCES public.permissions(id);


--
-- TOC entry 3309 (class 2606 OID 16437)
-- Name: user_roles fkh8ciramu9cc9q3qcqiv4ue8a6; Type: FK CONSTRAINT; Schema: public; Owner: admin
--

ALTER TABLE ONLY public.user_roles
    ADD CONSTRAINT fkh8ciramu9cc9q3qcqiv4ue8a6 FOREIGN KEY (role_id) REFERENCES public.roles(id);


--
-- TOC entry 3310 (class 2606 OID 16442)
-- Name: user_roles fkhfh9dx7w3ubf1co1vdev94g3f; Type: FK CONSTRAINT; Schema: public; Owner: admin
--

ALTER TABLE ONLY public.user_roles
    ADD CONSTRAINT fkhfh9dx7w3ubf1co1vdev94g3f FOREIGN KEY (user_id) REFERENCES public.users(id);


--
-- TOC entry 3308 (class 2606 OID 16432)
-- Name: role_permissions fkn5fotdgk8d1xvo8nav9uv3muc; Type: FK CONSTRAINT; Schema: public; Owner: admin
--

ALTER TABLE ONLY public.role_permissions
    ADD CONSTRAINT fkn5fotdgk8d1xvo8nav9uv3muc FOREIGN KEY (role_id) REFERENCES public.roles(id);


-- Completed on 2026-03-23 23:10:32

--
-- PostgreSQL database dump complete
--

\unrestrict CkNOhXXoMMOjQ7cNM7nUVaauafRlctdxenqxQrqUa3nuLGaOehUDIVZCehIH5G5

